active,img_key
1,381-2-1-18-Z17_C-0000013.jpg
1,391-2-1-18-Z17_E-0000011.jpg
1,438-2-1-19-Z17_D-0000001.jpg
1,456-2-1-20-Z17_E-0000007.jpg
1,036-1-1-21-Z17_B-0000029.jpg
1,376-2-1-17-Z17_C-0000005.jpg
1,446-2-1-20-Z17_C-0000009.jpg
1,369-2-1-17-Z17_C-0000009.jpg
1,423-2-1-19-Z17_A-0000007.jpg
1,417-2-1-19-Z17_D-0000013.jpg
1,395-2-1-18-Z17_A-0000001.jpg
1,397-2-1-18-Z17_A-0000015.jpg
1,363-2-1-17-Z17_E-0000017.jpg
1,037-1-1-21-Z17_A-0000003.jpg
1,410-2-1-19-Z17_C-0000027.jpg
1,401-2-1-18-Z17_B-0000019.jpg
1,389-2-1-18-Z17_B-0000001.jpg
1,411-2-1-19-Z17_D-0000027.jpg
1,381-2-1-18-Z17_A-0000021.jpg
1,434-2-1-19-Z17_D-0000013.jpg
1,402-2-1-18-Z17_A-0000005.jpg
1,439-2-1-19-Z17_B-0000019.jpg
1,455-2-1-20-Z17_B-0000011.jpg
1,419-2-1-19-Z17_C-0000015.jpg
1,428-2-1-19-Z17_A-0000021.jpg
1,407-2-1-18-Z17_D-0000021.jpg
1,431-2-1-19-Z17_D-0000019.jpg
1,040-1-1-21-Z17_D-0000001.jpg
1,406-2-1-18-Z17_D-0000031.jpg
1,414-2-1-19-Z17_E-0000017.jpg
1,036-1-1-21-Z17_E-0000023.jpg
1,410-2-1-19-Z17_B-0000007.jpg
1,415-2-1-19-Z17_E-0000025.jpg
1,398-2-1-18-Z17_A-0000023.jpg
1,419-2-1-19-Z17_D-0000015.jpg
1,377-2-1-18-Z17_E-0000013.jpg
1,391-2-1-18-Z17_B-0000019.jpg
1,361-2-1-17-Z17_D-0000009.jpg
1,427-2-1-19-Z17_E-0000005.jpg
1,380-2-1-18-Z17_E-0000025.jpg
1,438-2-1-19-Z17_D-0000011.jpg
1,388-2-1-18-Z17_C-0000015.jpg
1,399-2-1-18-Z17_D-0000007.jpg
1,450-2-1-20-Z17_A-0000007.jpg
1,377-2-1-18-Z17_A-0000013.jpg
1,382-2-1-18-Z17_C-0000015.jpg
1,420-2-1-19-Z17_B-0000011.jpg
1,467-2-1-20-Z17_D-0000011.jpg
1,446-2-1-20-Z17_C-0000027.jpg
1,396-2-1-18-Z17_C-0000011.jpg
1,418-2-1-19-Z17_A-0000023.jpg
1,418-2-1-19-Z17_B-0000009.jpg
1,035-1-1-21-Z17_B-0000011.jpg
1,399-2-1-18-Z17_C-0000009.jpg
1,372-2-1-17-Z17_C-0000019.jpg
1,460-2-1-20-Z17_B-0000027.jpg
1,385-2-1-18-Z17_D-0000007.jpg
1,383-2-1-18-Z17_A-0000011.jpg
1,400-2-1-18-Z17_E-0000001.jpg
1,438-2-1-19-Z17_E-0000021.jpg
1,365-2-1-17-Z17_D-0000025.jpg
1,405-2-1-18-Z17_A-0000003.jpg
1,367-2-1-17-Z17_A-0000007.jpg
1,415-2-1-19-Z17_C-0000003.jpg
1,436-2-1-19-Z17_E-0000015.jpg
1,040-1-1-21-Z17_D-0000017.jpg
1,418-2-1-19-Z17_B-0000003.jpg
1,422-2-1-19-Z17_A-0000023.jpg
1,439-2-1-19-Z17_D-0000017.jpg
1,423-2-1-19-Z17_E-0000031.jpg
1,458-2-1-20-Z17_E-0000015.jpg
1,446-2-1-20-Z17_C-0000015.jpg
1,410-2-1-19-Z17_A-0000017.jpg
1,427-2-1-19-Z17_B-0000005.jpg
1,372-2-1-17-Z17_B-0000031.jpg
1,421-2-1-19-Z17_D-0000019.jpg
1,463-2-1-20-Z17_E-0000017.jpg
1,380-2-1-18-Z17_C-0000031.jpg
1,444-2-1-20-Z17_D-0000021.jpg
1,431-2-1-19-Z17_D-0000015.jpg
1,405-2-1-18-Z17_A-0000007.jpg
1,458-2-1-20-Z17_D-0000019.jpg
1,395-2-1-18-Z17_E-0000031.jpg
1,416-2-1-19-Z17_E-0000023.jpg
1,471-2-1-20-Z17_E-0000011.jpg
1,388-2-1-18-Z17_A-0000017.jpg
1,440-2-1-19-Z17_C-0000025.jpg
1,370-2-1-17-Z17_C-0000011.jpg
1,465-2-1-20-Z17_E-0000005.jpg
1,401-2-1-18-Z17_C-0000007.jpg
1,472-2-1-20-Z17_C-0000029.jpg
1,416-2-1-19-Z17_B-0000015.jpg
1,413-2-1-19-Z17_B-0000017.jpg
1,434-2-1-19-Z17_B-0000021.jpg
1,454-2-1-20-Z17_C-0000011.jpg
1,464-2-1-20-Z17_E-0000023.jpg
1,433-2-1-19-Z17_A-0000013.jpg
1,401-2-1-18-Z17_C-0000003.jpg
1,377-2-1-18-Z17_A-0000017.jpg
1,392-2-1-18-Z17_D-0000011.jpg
1,383-2-1-18-Z17_B-0000007.jpg
1,472-2-1-20-Z17_D-0000027.jpg
1,370-2-1-17-Z17_D-0000017.jpg
1,446-2-1-20-Z17_E-0000031.jpg
1,458-2-1-20-Z17_A-0000023.jpg
1,389-2-1-18-Z17_E-0000013.jpg
1,373-2-1-17-Z17_B-0000011.jpg
1,469-2-1-20-Z17_D-0000015.jpg
1,038-1-1-21-Z17_A-0000021.jpg
1,370-2-1-17-Z17_E-0000001.jpg
1,443-2-1-20-Z17_E-0000011.jpg
1,036-1-1-21-Z17_B-0000015.jpg
1,424-2-1-19-Z17_D-0000019.jpg
1,459-2-1-20-Z17_E-0000003.jpg
1,427-2-1-19-Z17_E-0000017.jpg
1,378-2-1-18-Z17_C-0000027.jpg
1,424-2-1-19-Z17_D-0000003.jpg
1,365-2-1-17-Z17_C-0000019.jpg
1,423-2-1-19-Z17_D-0000009.jpg
1,418-2-1-19-Z17_D-0000011.jpg
1,379-2-1-18-Z17_A-0000019.jpg
1,430-2-1-19-Z17_B-0000019.jpg
1,033-1-1-21-Z17_A-0000019.jpg
1,446-2-1-20-Z17_A-0000007.jpg
1,402-2-1-18-Z17_E-0000017.jpg
1,034-1-1-21-Z17_A-0000021.jpg
1,445-2-1-20-Z17_B-0000005.jpg
1,390-2-1-18-Z17_E-0000013.jpg
1,035-1-1-21-Z17_E-0000029.jpg
1,428-2-1-19-Z17_C-0000011.jpg
1,457-2-1-20-Z17_E-0000019.jpg
1,365-2-1-17-Z17_C-0000027.jpg
1,414-2-1-19-Z17_E-0000009.jpg
1,443-2-1-20-Z17_E-0000021.jpg
1,453-2-1-20-Z17_D-0000001.jpg
1,363-2-1-17-Z17_E-0000011.jpg
1,407-2-1-18-Z17_D-0000007.jpg
1,385-2-1-18-Z17_B-0000015.jpg
1,384-2-1-18-Z17_B-0000031.jpg
1,399-2-1-18-Z17_B-0000015.jpg
1,441-2-1-20-Z17_C-0000003.jpg
1,039-1-1-21-Z17_E-0000009.jpg
1,037-1-1-21-Z17_D-0000019.jpg
1,418-2-1-19-Z17_A-0000021.jpg
1,459-2-1-20-Z17_D-0000001.jpg
1,374-2-1-17-Z17_C-0000003.jpg
1,460-2-1-20-Z17_B-0000009.jpg
1,383-2-1-18-Z17_E-0000011.jpg
1,421-2-1-19-Z17_D-0000017.jpg
1,417-2-1-19-Z17_B-0000017.jpg
1,469-2-1-20-Z17_D-0000025.jpg
1,393-2-1-18-Z17_A-0000015.jpg
1,036-1-1-21-Z17_C-0000027.jpg
1,419-2-1-19-Z17_A-0000003.jpg
1,369-2-1-17-Z17_A-0000005.jpg
1,458-2-1-20-Z17_D-0000021.jpg
1,444-2-1-20-Z17_E-0000005.jpg
1,432-2-1-19-Z17_B-0000025.jpg
1,401-2-1-18-Z17_C-0000013.jpg
1,444-2-1-20-Z17_A-0000013.jpg
1,410-2-1-19-Z17_E-0000013.jpg
1,394-2-1-18-Z17_D-0000009.jpg
1,401-2-1-18-Z17_E-0000021.jpg
1,375-2-1-17-Z17_A-0000005.jpg
1,415-2-1-19-Z17_B-0000023.jpg
1,432-2-1-19-Z17_B-0000007.jpg
1,467-2-1-20-Z17_C-0000013.jpg
1,449-2-1-20-Z17_A-0000005.jpg
1,034-1-1-21-Z17_E-0000007.jpg
1,369-2-1-17-Z17_E-0000023.jpg
1,472-2-1-20-Z17_B-0000005.jpg
1,455-2-1-20-Z17_C-0000019.jpg
1,400-2-1-18-Z17_A-0000031.jpg
1,370-2-1-17-Z17_D-0000015.jpg
1,472-2-1-20-Z17_C-0000025.jpg
1,452-2-1-20-Z17_E-0000021.jpg
1,427-2-1-19-Z17_D-0000015.jpg
1,437-2-1-19-Z17_B-0000017.jpg
1,469-2-1-20-Z17_B-0000021.jpg
1,366-2-1-17-Z17_D-0000025.jpg
1,363-2-1-17-Z17_D-0000013.jpg
1,411-2-1-19-Z17_B-0000017.jpg
1,363-2-1-17-Z17_B-0000003.jpg
1,407-2-1-18-Z17_D-0000009.jpg
1,398-2-1-18-Z17_C-0000021.jpg
1,426-2-1-19-Z17_B-0000009.jpg
1,411-2-1-19-Z17_C-0000007.jpg
1,419-2-1-19-Z17_A-0000025.jpg
1,420-2-1-19-Z17_C-0000013.jpg
1,400-2-1-18-Z17_E-0000015.jpg
1,468-2-1-20-Z17_E-0000023.jpg
1,413-2-1-19-Z17_B-0000013.jpg
1,421-2-1-19-Z17_E-0000007.jpg
1,418-2-1-19-Z17_B-0000029.jpg
1,364-2-1-17-Z17_D-0000021.jpg
1,390-2-1-18-Z17_B-0000013.jpg
1,409-2-1-19-Z17_B-0000009.jpg
1,453-2-1-20-Z17_C-0000015.jpg
1,366-2-1-17-Z17_B-0000025.jpg
1,037-1-1-21-Z17_B-0000013.jpg
1,441-2-1-20-Z17_A-0000011.jpg
1,459-2-1-20-Z17_B-0000027.jpg
1,400-2-1-18-Z17_E-0000013.jpg
1,415-2-1-19-Z17_B-0000007.jpg
1,415-2-1-19-Z17_D-0000005.jpg
1,387-2-1-18-Z17_C-0000009.jpg
1,383-2-1-18-Z17_E-0000027.jpg
1,396-2-1-18-Z17_D-0000005.jpg
1,443-2-1-20-Z17_B-0000025.jpg
1,428-2-1-19-Z17_A-0000011.jpg
1,446-2-1-20-Z17_E-0000007.jpg
1,366-2-1-17-Z17_B-0000011.jpg
1,468-2-1-20-Z17_A-0000021.jpg
1,375-2-1-17-Z17_E-0000011.jpg
1,429-2-1-19-Z17_C-0000029.jpg
1,417-2-1-19-Z17_E-0000007.jpg
1,413-2-1-19-Z17_D-0000021.jpg
1,460-2-1-20-Z17_E-0000017.jpg
1,401-2-1-18-Z17_D-0000013.jpg
1,469-2-1-20-Z17_E-0000025.jpg
1,408-2-1-18-Z17_C-0000023.jpg
1,403-2-1-18-Z17_C-0000003.jpg
1,412-2-1-19-Z17_E-0000009.jpg
1,396-2-1-18-Z17_D-0000011.jpg
1,443-2-1-20-Z17_A-0000005.jpg
1,384-2-1-18-Z17_A-0000019.jpg
1,391-2-1-18-Z17_D-0000015.jpg
1,440-2-1-19-Z17_B-0000011.jpg
1,366-2-1-17-Z17_C-0000019.jpg
1,377-2-1-18-Z17_E-0000009.jpg
1,437-2-1-19-Z17_B-0000015.jpg
1,380-2-1-18-Z17_D-0000007.jpg
1,435-2-1-19-Z17_B-0000019.jpg
1,387-2-1-18-Z17_C-0000021.jpg
1,408-2-1-18-Z17_E-0000003.jpg
1,395-2-1-18-Z17_A-0000023.jpg
1,461-2-1-20-Z17_A-0000019.jpg
1,451-2-1-20-Z17_E-0000013.jpg
1,033-1-1-21-Z17_E-0000015.jpg
1,372-2-1-17-Z17_E-0000019.jpg
1,378-2-1-18-Z17_C-0000025.jpg
1,418-2-1-19-Z17_E-0000025.jpg
1,418-2-1-19-Z17_D-0000013.jpg
1,410-2-1-19-Z17_C-0000029.jpg
1,391-2-1-18-Z17_D-0000013.jpg
1,443-2-1-20-Z17_C-0000025.jpg
1,391-2-1-18-Z17_D-0000021.jpg
1,448-2-1-20-Z17_E-0000017.jpg
1,390-2-1-18-Z17_A-0000011.jpg
1,372-2-1-17-Z17_D-0000001.jpg
1,412-2-1-19-Z17_C-0000005.jpg
1,452-2-1-20-Z17_C-0000001.jpg
1,460-2-1-20-Z17_D-0000015.jpg
1,389-2-1-18-Z17_D-0000011.jpg
1,361-2-1-17-Z17_C-0000015.jpg
1,034-1-1-21-Z17_D-0000009.jpg
1,421-2-1-19-Z17_C-0000013.jpg
1,433-2-1-19-Z17_A-0000015.jpg
1,370-2-1-17-Z17_A-0000019.jpg
1,468-2-1-20-Z17_C-0000023.jpg
1,438-2-1-19-Z17_C-0000025.jpg
1,409-2-1-19-Z17_B-0000001.jpg
1,447-2-1-20-Z17_E-0000015.jpg
1,428-2-1-19-Z17_C-0000021.jpg
1,395-2-1-18-Z17_B-0000009.jpg
1,431-2-1-19-Z17_E-0000013.jpg
1,424-2-1-19-Z17_E-0000013.jpg
1,394-2-1-18-Z17_A-0000005.jpg
1,407-2-1-18-Z17_B-0000031.jpg
1,464-2-1-20-Z17_A-0000009.jpg
1,416-2-1-19-Z17_C-0000027.jpg
1,468-2-1-20-Z17_B-0000019.jpg
1,378-2-1-18-Z17_D-0000031.jpg
1,373-2-1-17-Z17_C-0000007.jpg
1,426-2-1-19-Z17_E-0000009.jpg
1,365-2-1-17-Z17_C-0000001.jpg
1,394-2-1-18-Z17_A-0000025.jpg
1,461-2-1-20-Z17_D-0000007.jpg
1,432-2-1-19-Z17_A-0000013.jpg
1,449-2-1-20-Z17_D-0000015.jpg
1,402-2-1-18-Z17_C-0000017.jpg
1,380-2-1-18-Z17_D-0000003.jpg
1,407-2-1-18-Z17_D-0000013.jpg
1,404-2-1-18-Z17_D-0000019.jpg
1,472-2-1-20-Z17_B-0000027.jpg
1,423-2-1-19-Z17_B-0000005.jpg
1,362-2-1-17-Z17_E-0000001.jpg
1,463-2-1-20-Z17_C-0000011.jpg
1,450-2-1-20-Z17_C-0000011.jpg
1,430-2-1-19-Z17_D-0000011.jpg
1,362-2-1-17-Z17_C-0000005.jpg
1,446-2-1-20-Z17_A-0000019.jpg
1,431-2-1-19-Z17_D-0000007.jpg
1,371-2-1-17-Z17_D-0000001.jpg
1,372-2-1-17-Z17_B-0000007.jpg
1,366-2-1-17-Z17_A-0000031.jpg
1,466-2-1-20-Z17_A-0000019.jpg
1,034-1-1-21-Z17_E-0000015.jpg
1,414-2-1-19-Z17_A-0000007.jpg
1,412-2-1-19-Z17_A-0000015.jpg
1,369-2-1-17-Z17_E-0000009.jpg
1,444-2-1-20-Z17_D-0000013.jpg
1,425-2-1-19-Z17_E-0000009.jpg
1,384-2-1-18-Z17_A-0000011.jpg
1,385-2-1-18-Z17_C-0000007.jpg
1,462-2-1-20-Z17_C-0000009.jpg
1,361-2-1-17-Z17_A-0000023.jpg
1,427-2-1-19-Z17_D-0000023.jpg
1,404-2-1-18-Z17_C-0000025.jpg
1,035-1-1-21-Z17_B-0000001.jpg
1,447-2-1-20-Z17_D-0000015.jpg
1,371-2-1-17-Z17_B-0000005.jpg
1,039-1-1-21-Z17_C-0000009.jpg
1,367-2-1-17-Z17_C-0000009.jpg
1,404-2-1-18-Z17_C-0000015.jpg
1,434-2-1-19-Z17_A-0000015.jpg
1,366-2-1-17-Z17_B-0000027.jpg
1,398-2-1-18-Z17_B-0000023.jpg
1,386-2-1-18-Z17_A-0000009.jpg
1,413-2-1-19-Z17_E-0000015.jpg
1,423-2-1-19-Z17_B-0000019.jpg
1,438-2-1-19-Z17_B-0000017.jpg
1,399-2-1-18-Z17_E-0000013.jpg
1,402-2-1-18-Z17_B-0000013.jpg
1,373-2-1-17-Z17_E-0000019.jpg
1,365-2-1-17-Z17_D-0000023.jpg
1,375-2-1-17-Z17_A-0000023.jpg
1,452-2-1-20-Z17_B-0000001.jpg
1,034-1-1-21-Z17_E-0000031.jpg
1,370-2-1-17-Z17_A-0000009.jpg
1,467-2-1-20-Z17_E-0000015.jpg
1,443-2-1-20-Z17_C-0000023.jpg
1,384-2-1-18-Z17_B-0000013.jpg
1,444-2-1-20-Z17_D-0000007.jpg
1,410-2-1-19-Z17_C-0000023.jpg
1,436-2-1-19-Z17_B-0000003.jpg
1,391-2-1-18-Z17_E-0000025.jpg
1,454-2-1-20-Z17_C-0000015.jpg
1,471-2-1-20-Z17_D-0000011.jpg
1,406-2-1-18-Z17_C-0000029.jpg
1,432-2-1-19-Z17_D-0000009.jpg
1,421-2-1-19-Z17_A-0000019.jpg
1,033-1-1-21-Z17_E-0000029.jpg
1,036-1-1-21-Z17_E-0000005.jpg
1,410-2-1-19-Z17_D-0000015.jpg
1,455-2-1-20-Z17_E-0000015.jpg
1,418-2-1-19-Z17_A-0000001.jpg
1,442-2-1-20-Z17_D-0000011.jpg
1,431-2-1-19-Z17_D-0000013.jpg
1,370-2-1-17-Z17_E-0000007.jpg
1,459-2-1-20-Z17_A-0000025.jpg
1,411-2-1-19-Z17_B-0000005.jpg
1,464-2-1-20-Z17_A-0000011.jpg
1,361-2-1-17-Z17_C-0000017.jpg
1,422-2-1-19-Z17_D-0000025.jpg
1,379-2-1-18-Z17_B-0000005.jpg
1,424-2-1-19-Z17_E-0000031.jpg
1,412-2-1-19-Z17_D-0000011.jpg
1,462-2-1-20-Z17_B-0000019.jpg
1,435-2-1-19-Z17_B-0000021.jpg
1,467-2-1-20-Z17_E-0000009.jpg
1,366-2-1-17-Z17_B-0000029.jpg
1,462-2-1-20-Z17_B-0000023.jpg
1,442-2-1-20-Z17_A-0000023.jpg
1,374-2-1-17-Z17_E-0000027.jpg
1,418-2-1-19-Z17_B-0000021.jpg
1,435-2-1-19-Z17_A-0000011.jpg
1,435-2-1-19-Z17_E-0000001.jpg
1,432-2-1-19-Z17_E-0000001.jpg
1,397-2-1-18-Z17_B-0000013.jpg
1,467-2-1-20-Z17_A-0000005.jpg
1,436-2-1-19-Z17_C-0000013.jpg
1,399-2-1-18-Z17_E-0000005.jpg
1,379-2-1-18-Z17_A-0000005.jpg
1,371-2-1-17-Z17_C-0000013.jpg
1,386-2-1-18-Z17_E-0000015.jpg
1,418-2-1-19-Z17_A-0000009.jpg
1,403-2-1-18-Z17_B-0000013.jpg
1,410-2-1-19-Z17_C-0000009.jpg
1,450-2-1-20-Z17_C-0000017.jpg
1,417-2-1-19-Z17_B-0000019.jpg
1,418-2-1-19-Z17_C-0000013.jpg
1,468-2-1-20-Z17_E-0000017.jpg
1,467-2-1-20-Z17_C-0000025.jpg
1,403-2-1-18-Z17_D-0000003.jpg
1,379-2-1-18-Z17_A-0000017.jpg
1,438-2-1-19-Z17_D-0000019.jpg
1,420-2-1-19-Z17_C-0000009.jpg
1,414-2-1-19-Z17_E-0000019.jpg
1,405-2-1-18-Z17_C-0000027.jpg
1,450-2-1-20-Z17_E-0000005.jpg
1,423-2-1-19-Z17_B-0000003.jpg
1,469-2-1-20-Z17_A-0000017.jpg
1,456-2-1-20-Z17_C-0000005.jpg
1,462-2-1-20-Z17_D-0000005.jpg
1,378-2-1-18-Z17_E-0000017.jpg
1,373-2-1-17-Z17_C-0000005.jpg
1,375-2-1-17-Z17_D-0000017.jpg
1,470-2-1-20-Z17_D-0000009.jpg
1,401-2-1-18-Z17_B-0000003.jpg
1,472-2-1-20-Z17_B-0000015.jpg
1,451-2-1-20-Z17_D-0000021.jpg
1,446-2-1-20-Z17_A-0000023.jpg
1,388-2-1-18-Z17_C-0000019.jpg
1,441-2-1-20-Z17_D-0000005.jpg
1,460-2-1-20-Z17_B-0000013.jpg
1,411-2-1-19-Z17_A-0000005.jpg
1,040-1-1-21-Z17_B-0000027.jpg
1,402-2-1-18-Z17_E-0000003.jpg
1,369-2-1-17-Z17_C-0000021.jpg
1,403-2-1-18-Z17_B-0000017.jpg
1,434-2-1-19-Z17_E-0000015.jpg
1,446-2-1-20-Z17_D-0000011.jpg
1,376-2-1-17-Z17_E-0000015.jpg
1,394-2-1-18-Z17_C-0000011.jpg
1,461-2-1-20-Z17_A-0000013.jpg
1,418-2-1-19-Z17_C-0000027.jpg
1,415-2-1-19-Z17_D-0000015.jpg
1,363-2-1-17-Z17_A-0000005.jpg
1,400-2-1-18-Z17_C-0000013.jpg
1,420-2-1-19-Z17_E-0000023.jpg
1,037-1-1-21-Z17_E-0000001.jpg
1,466-2-1-20-Z17_E-0000017.jpg
1,419-2-1-19-Z17_B-0000009.jpg
1,406-2-1-18-Z17_E-0000013.jpg
1,369-2-1-17-Z17_C-0000015.jpg
1,419-2-1-19-Z17_E-0000003.jpg
1,380-2-1-18-Z17_A-0000015.jpg
1,454-2-1-20-Z17_D-0000011.jpg
1,370-2-1-17-Z17_E-0000011.jpg
1,462-2-1-20-Z17_D-0000003.jpg
1,364-2-1-17-Z17_D-0000009.jpg
1,449-2-1-20-Z17_D-0000005.jpg
1,398-2-1-18-Z17_D-0000029.jpg
1,452-2-1-20-Z17_B-0000005.jpg
1,376-2-1-17-Z17_B-0000021.jpg
1,396-2-1-18-Z17_C-0000003.jpg
1,383-2-1-18-Z17_D-0000015.jpg
1,404-2-1-18-Z17_E-0000015.jpg
1,418-2-1-19-Z17_B-0000023.jpg
1,440-2-1-19-Z17_E-0000001.jpg
1,451-2-1-20-Z17_D-0000017.jpg
1,440-2-1-19-Z17_D-0000017.jpg
1,449-2-1-20-Z17_D-0000007.jpg
1,456-2-1-20-Z17_E-0000019.jpg
1,436-2-1-19-Z17_A-0000017.jpg
1,035-1-1-21-Z17_B-0000029.jpg
1,451-2-1-20-Z17_C-0000029.jpg
1,429-2-1-19-Z17_A-0000015.jpg
1,374-2-1-17-Z17_B-0000009.jpg
1,374-2-1-17-Z17_A-0000021.jpg
1,395-2-1-18-Z17_D-0000001.jpg
1,390-2-1-18-Z17_E-0000011.jpg
1,036-1-1-21-Z17_D-0000019.jpg
1,422-2-1-19-Z17_E-0000023.jpg
1,410-2-1-19-Z17_A-0000001.jpg
1,423-2-1-19-Z17_B-0000025.jpg
1,374-2-1-17-Z17_A-0000011.jpg
1,431-2-1-19-Z17_E-0000007.jpg
1,436-2-1-19-Z17_D-0000009.jpg
1,431-2-1-19-Z17_B-0000007.jpg
1,364-2-1-17-Z17_C-0000011.jpg
1,404-2-1-18-Z17_D-0000017.jpg
1,465-2-1-20-Z17_E-0000017.jpg
1,435-2-1-19-Z17_E-0000011.jpg
1,400-2-1-18-Z17_B-0000017.jpg
1,458-2-1-20-Z17_A-0000017.jpg
1,415-2-1-19-Z17_A-0000009.jpg
1,450-2-1-20-Z17_D-0000005.jpg
1,444-2-1-20-Z17_D-0000017.jpg
1,400-2-1-18-Z17_A-0000027.jpg
1,380-2-1-18-Z17_E-0000003.jpg
1,463-2-1-20-Z17_D-0000019.jpg
1,383-2-1-18-Z17_D-0000005.jpg
1,437-2-1-19-Z17_C-0000021.jpg
1,401-2-1-18-Z17_B-0000029.jpg
1,035-1-1-21-Z17_A-0000017.jpg
1,411-2-1-19-Z17_C-0000013.jpg
1,431-2-1-19-Z17_B-0000021.jpg
1,035-1-1-21-Z17_E-0000003.jpg
1,453-2-1-20-Z17_B-0000021.jpg
1,370-2-1-17-Z17_C-0000015.jpg
1,397-2-1-18-Z17_C-0000009.jpg
1,035-1-1-21-Z17_E-0000023.jpg
1,386-2-1-18-Z17_E-0000017.jpg
1,439-2-1-19-Z17_C-0000017.jpg
1,462-2-1-20-Z17_E-0000011.jpg
1,386-2-1-18-Z17_B-0000003.jpg
1,426-2-1-19-Z17_A-0000011.jpg
1,450-2-1-20-Z17_C-0000029.jpg
1,383-2-1-18-Z17_D-0000027.jpg
1,472-2-1-20-Z17_C-0000011.jpg
1,471-2-1-20-Z17_B-0000017.jpg
1,400-2-1-18-Z17_C-0000015.jpg
1,433-2-1-19-Z17_D-0000017.jpg
1,440-2-1-19-Z17_B-0000005.jpg
1,416-2-1-19-Z17_E-0000025.jpg
1,425-2-1-19-Z17_A-0000009.jpg
1,436-2-1-19-Z17_C-0000021.jpg
1,452-2-1-20-Z17_E-0000013.jpg
0,469-2-1-20-Z17_D-0000001.jpg
0,386-2-1-18-Z17_A-0000021.jpg
0,419-2-1-19-Z17_D-0000027.jpg
0,404-2-1-18-Z17_D-0000031.jpg
0,362-2-1-17-Z17_C-0000027.jpg
0,387-2-1-18-Z17_C-0000031.jpg
0,413-2-1-19-Z17_A-0000027.jpg
0,445-2-1-20-Z17_A-0000031.jpg
0,401-2-1-18-Z17_E-0000023.jpg
0,468-2-1-20-Z17_A-0000029.jpg
0,434-2-1-19-Z17_D-0000029.jpg
0,377-2-1-18-Z17_B-0000025.jpg
0,388-2-1-18-Z17_C-0000025.jpg
0,389-2-1-18-Z17_C-0000023.jpg
0,379-2-1-18-Z17_B-0000023.jpg
0,386-2-1-18-Z17_C-0000027.jpg
0,039-1-1-21-Z17_C-0000031.jpg
0,469-2-1-20-Z17_C-0000001.jpg
0,401-2-1-18-Z17_D-0000023.jpg
0,389-2-1-18-Z17_D-0000029.jpg
0,425-2-1-19-Z17_A-0000001.jpg
0,038-1-1-21-Z17_C-0000029.jpg
0,387-2-1-18-Z17_C-0000003.jpg
0,402-2-1-18-Z17_E-0000031.jpg
0,373-2-1-17-Z17_A-0000025.jpg
0,425-2-1-19-Z17_D-0000027.jpg
0,458-2-1-20-Z17_E-0000029.jpg
0,038-1-1-21-Z17_D-0000029.jpg
0,470-2-1-20-Z17_A-0000003.jpg
0,390-2-1-18-Z17_B-0000001.jpg
0,436-2-1-19-Z17_E-0000029.jpg
0,363-2-1-17-Z17_A-0000025.jpg
0,417-2-1-19-Z17_A-0000031.jpg
0,408-2-1-18-Z17_A-0000029.jpg
0,386-2-1-18-Z17_B-0000029.jpg
0,421-2-1-19-Z17_D-0000027.jpg
0,416-2-1-19-Z17_E-0000029.jpg
0,442-2-1-20-Z17_A-0000001.jpg
0,448-2-1-20-Z17_B-0000001.jpg
0,387-2-1-18-Z17_B-0000003.jpg
0,379-2-1-18-Z17_A-0000001.jpg
0,456-2-1-20-Z17_E-0000027.jpg
0,369-2-1-17-Z17_A-0000001.jpg
0,445-2-1-20-Z17_E-0000029.jpg
0,406-2-1-18-Z17_C-0000023.jpg
0,389-2-1-18-Z17_E-0000025.jpg
0,388-2-1-18-Z17_A-0000023.jpg
0,379-2-1-18-Z17_C-0000021.jpg
0,370-2-1-17-Z17_D-0000023.jpg
0,421-2-1-19-Z17_C-0000001.jpg
0,422-2-1-19-Z17_A-0000027.jpg
0,390-2-1-18-Z17_E-0000031.jpg
0,417-2-1-19-Z17_A-0000027.jpg
0,458-2-1-20-Z17_D-0000029.jpg
0,371-2-1-17-Z17_C-0000031.jpg
0,433-2-1-19-Z17_E-0000027.jpg
0,396-2-1-18-Z17_C-0000027.jpg
0,429-2-1-19-Z17_C-0000027.jpg
0,400-2-1-18-Z17_C-0000023.jpg
0,370-2-1-17-Z17_B-0000027.jpg
0,393-2-1-18-Z17_D-0000023.jpg
0,382-2-1-18-Z17_E-0000025.jpg
0,447-2-1-20-Z17_B-0000031.jpg
0,444-2-1-20-Z17_D-0000031.jpg
0,417-2-1-19-Z17_A-0000003.jpg
0,411-2-1-19-Z17_B-0000001.jpg
0,420-2-1-19-Z17_D-0000029.jpg
0,447-2-1-20-Z17_A-0000031.jpg
0,470-2-1-20-Z17_A-0000001.jpg
0,393-2-1-18-Z17_D-0000003.jpg
0,467-2-1-20-Z17_A-0000031.jpg
0,039-1-1-21-Z17_B-0000001.jpg
0,377-2-1-18-Z17_D-0000031.jpg
0,368-2-1-17-Z17_B-0000021.jpg
0,461-2-1-20-Z17_E-0000029.jpg
0,399-2-1-18-Z17_D-0000027.jpg
0,371-2-1-17-Z17_D-0000027.jpg
0,436-2-1-19-Z17_D-0000031.jpg
0,452-2-1-20-Z17_A-0000029.jpg
0,362-2-1-17-Z17_D-0000029.jpg
0,430-2-1-19-Z17_A-0000001.jpg
0,400-2-1-18-Z17_A-0000025.jpg
0,416-2-1-19-Z17_A-0000003.jpg
0,402-2-1-18-Z17_D-0000023.jpg
0,457-2-1-20-Z17_D-0000031.jpg
0,386-2-1-18-Z17_A-0000031.jpg
0,469-2-1-20-Z17_B-0000027.jpg
0,443-2-1-20-Z17_B-0000031.jpg
0,443-2-1-20-Z17_C-0000027.jpg
0,373-2-1-17-Z17_A-0000029.jpg
0,390-2-1-18-Z17_B-0000031.jpg
0,437-2-1-19-Z17_A-0000003.jpg
0,369-2-1-17-Z17_E-0000001.jpg
0,414-2-1-19-Z17_B-0000031.jpg
0,421-2-1-19-Z17_C-0000027.jpg
0,441-2-1-20-Z17_D-0000023.jpg
0,434-2-1-19-Z17_E-0000001.jpg
0,445-2-1-20-Z17_C-0000029.jpg
0,381-2-1-18-Z17_A-0000023.jpg
0,371-2-1-17-Z17_E-0000029.jpg
0,381-2-1-18-Z17_A-0000031.jpg
0,392-2-1-18-Z17_C-0000029.jpg
0,461-2-1-20-Z17_A-0000029.jpg
0,470-2-1-20-Z17_D-0000003.jpg
0,454-2-1-20-Z17_B-0000031.jpg
0,471-2-1-20-Z17_B-0000027.jpg
0,391-2-1-18-Z17_E-0000003.jpg
0,368-2-1-17-Z17_B-0000031.jpg
0,420-2-1-19-Z17_E-0000031.jpg
0,411-2-1-19-Z17_B-0000031.jpg
0,377-2-1-18-Z17_B-0000029.jpg
0,428-2-1-19-Z17_A-0000031.jpg
0,469-2-1-20-Z17_D-0000027.jpg
0,362-2-1-17-Z17_B-0000031.jpg
0,449-2-1-20-Z17_D-0000001.jpg
0,376-2-1-17-Z17_B-0000031.jpg
0,429-2-1-19-Z17_A-0000003.jpg
0,469-2-1-20-Z17_D-0000003.jpg
0,379-2-1-18-Z17_B-0000031.jpg
0,390-2-1-18-Z17_A-0000027.jpg
0,467-2-1-20-Z17_C-0000027.jpg
0,445-2-1-20-Z17_A-0000027.jpg
0,375-2-1-17-Z17_B-0000027.jpg
0,387-2-1-18-Z17_E-0000031.jpg
0,363-2-1-17-Z17_C-0000031.jpg
0,039-1-1-21-Z17_A-0000027.jpg
0,434-2-1-19-Z17_E-0000031.jpg
0,428-2-1-19-Z17_D-0000027.jpg
0,402-2-1-18-Z17_B-0000031.jpg
0,421-2-1-19-Z17_B-0000001.jpg
0,461-2-1-20-Z17_D-0000001.jpg
0,385-2-1-18-Z17_B-0000023.jpg
0,376-2-1-17-Z17_B-0000027.jpg
0,461-2-1-20-Z17_A-0000001.jpg
0,443-2-1-20-Z17_B-0000027.jpg
0,425-2-1-19-Z17_B-0000027.jpg
0,443-2-1-20-Z17_B-0000029.jpg
0,469-2-1-20-Z17_C-0000031.jpg
0,425-2-1-19-Z17_D-0000029.jpg
0,397-2-1-18-Z17_E-0000023.jpg
0,409-2-1-19-Z17_A-0000031.jpg
0,379-2-1-18-Z17_A-0000029.jpg
0,038-1-1-21-Z17_C-0000025.jpg
0,458-2-1-20-Z17_A-0000001.jpg
0,430-2-1-19-Z17_E-0000029.jpg
0,449-2-1-20-Z17_E-0000031.jpg
0,429-2-1-19-Z17_D-0000025.jpg
0,392-2-1-18-Z17_A-0000031.jpg
0,445-2-1-20-Z17_D-0000029.jpg
0,404-2-1-18-Z17_E-0000027.jpg
0,391-2-1-18-Z17_A-0000027.jpg
0,375-2-1-17-Z17_C-0000025.jpg
0,416-2-1-19-Z17_A-0000029.jpg
0,378-2-1-18-Z17_C-0000001.jpg
0,037-1-1-21-Z17_D-0000023.jpg
0,408-2-1-18-Z17_E-0000029.jpg
0,370-2-1-17-Z17_C-0000025.jpg
0,393-2-1-18-Z17_C-0000031.jpg
0,381-2-1-18-Z17_D-0000027.jpg
0,373-2-1-17-Z17_C-0000031.jpg
0,443-2-1-20-Z17_E-0000027.jpg
0,416-2-1-19-Z17_E-0000031.jpg
0,390-2-1-18-Z17_E-0000027.jpg
0,377-2-1-18-Z17_B-0000021.jpg
0,368-2-1-17-Z17_B-0000029.jpg
0,039-1-1-21-Z17_A-0000021.jpg
0,437-2-1-19-Z17_D-0000029.jpg
0,428-2-1-19-Z17_E-0000001.jpg
0,425-2-1-19-Z17_D-0000025.jpg
0,369-2-1-17-Z17_C-0000001.jpg
0,453-2-1-20-Z17_B-0000029.jpg
0,452-2-1-20-Z17_A-0000031.jpg
0,439-2-1-19-Z17_D-0000027.jpg
0,445-2-1-20-Z17_C-0000027.jpg
0,386-2-1-18-Z17_E-0000029.jpg
0,446-2-1-20-Z17_B-0000001.jpg
0,437-2-1-19-Z17_B-0000025.jpg
0,363-2-1-17-Z17_B-0000027.jpg
0,408-2-1-18-Z17_A-0000027.jpg
0,416-2-1-19-Z17_C-0000003.jpg
0,408-2-1-18-Z17_B-0000025.jpg
0,362-2-1-17-Z17_D-0000025.jpg
0,370-2-1-17-Z17_B-0000031.jpg
0,449-2-1-20-Z17_E-0000027.jpg
0,442-2-1-20-Z17_B-0000029.jpg
0,436-2-1-19-Z17_D-0000027.jpg
0,453-2-1-20-Z17_A-0000029.jpg
0,364-2-1-17-Z17_D-0000031.jpg
0,469-2-1-20-Z17_A-0000027.jpg
0,388-2-1-18-Z17_B-0000027.jpg
0,387-2-1-18-Z17_B-0000029.jpg
0,452-2-1-20-Z17_D-0000023.jpg
0,465-2-1-20-Z17_C-0000029.jpg
0,377-2-1-18-Z17_D-0000023.jpg
0,396-2-1-18-Z17_E-0000027.jpg
0,414-2-1-19-Z17_D-0000029.jpg
0,391-2-1-18-Z17_E-0000027.jpg
0,431-2-1-19-Z17_B-0000025.jpg
0,393-2-1-18-Z17_B-0000031.jpg
0,368-2-1-17-Z17_C-0000027.jpg
0,429-2-1-19-Z17_B-0000027.jpg
0,422-2-1-19-Z17_E-0000003.jpg
0,431-2-1-19-Z17_C-0000001.jpg
0,369-2-1-17-Z17_C-0000025.jpg
0,039-1-1-21-Z17_C-0000029.jpg
0,387-2-1-18-Z17_C-0000029.jpg
0,382-2-1-18-Z17_D-0000031.jpg
0,377-2-1-18-Z17_C-0000031.jpg
0,390-2-1-18-Z17_A-0000029.jpg
0,376-2-1-17-Z17_A-0000029.jpg
0,373-2-1-17-Z17_C-0000027.jpg
0,443-2-1-20-Z17_A-0000029.jpg
0,387-2-1-18-Z17_D-0000013.jpg
0,430-2-1-19-Z17_A-0000029.jpg
0,377-2-1-18-Z17_B-0000001.jpg
0,456-2-1-20-Z17_D-0000025.jpg
0,402-2-1-18-Z17_A-0000027.jpg
0,416-2-1-19-Z17_D-0000001.jpg
0,452-2-1-20-Z17_D-0000029.jpg
0,387-2-1-18-Z17_B-0000023.jpg
0,433-2-1-19-Z17_C-0000023.jpg
0,392-2-1-18-Z17_D-0000029.jpg
0,454-2-1-20-Z17_B-0000029.jpg
0,392-2-1-18-Z17_C-0000031.jpg
0,363-2-1-17-Z17_D-0000029.jpg
0,431-2-1-19-Z17_C-0000027.jpg
0,446-2-1-20-Z17_E-0000001.jpg
0,439-2-1-19-Z17_B-0000001.jpg
0,442-2-1-20-Z17_C-0000029.jpg
0,443-2-1-20-Z17_C-0000029.jpg
0,362-2-1-17-Z17_B-0000023.jpg
0,449-2-1-20-Z17_C-0000001.jpg
0,437-2-1-19-Z17_B-0000003.jpg
0,389-2-1-18-Z17_D-0000023.jpg
0,375-2-1-17-Z17_E-0000029.jpg
0,433-2-1-19-Z17_D-0000031.jpg
0,375-2-1-17-Z17_C-0000027.jpg
0,455-2-1-20-Z17_B-0000029.jpg
0,393-2-1-18-Z17_E-0000027.jpg
0,401-2-1-18-Z17_A-0000025.jpg
0,375-2-1-17-Z17_E-0000027.jpg
0,458-2-1-20-Z17_B-0000001.jpg
0,038-1-1-21-Z17_D-0000031.jpg
0,447-2-1-20-Z17_D-0000029.jpg
0,037-1-1-21-Z17_B-0000025.jpg
0,471-2-1-20-Z17_C-0000029.jpg
0,426-2-1-19-Z17_B-0000031.jpg
0,461-2-1-20-Z17_A-0000025.jpg
0,429-2-1-19-Z17_A-0000001.jpg
0,422-2-1-19-Z17_E-0000031.jpg
0,433-2-1-19-Z17_A-0000027.jpg
0,470-2-1-20-Z17_B-0000031.jpg
0,471-2-1-20-Z17_C-0000025.jpg
0,385-2-1-18-Z17_A-0000021.jpg
0,396-2-1-18-Z17_E-0000029.jpg
0,362-2-1-17-Z17_C-0000029.jpg
0,388-2-1-18-Z17_E-0000023.jpg
0,039-1-1-21-Z17_A-0000023.jpg
0,431-2-1-19-Z17_E-0000001.jpg
0,381-2-1-18-Z17_E-0000029.jpg
0,368-2-1-17-Z17_C-0000023.jpg
0,437-2-1-19-Z17_C-0000027.jpg
0,388-2-1-18-Z17_C-0000031.jpg
0,390-2-1-18-Z17_D-0000023.jpg
0,441-2-1-20-Z17_E-0000025.jpg
0,387-2-1-18-Z17_D-0000025.jpg
0,429-2-1-19-Z17_C-0000001.jpg
0,443-2-1-20-Z17_A-0000031.jpg
0,371-2-1-17-Z17_D-0000031.jpg
0,392-2-1-18-Z17_D-0000031.jpg
0,037-1-1-21-Z17_D-0000021.jpg
0,433-2-1-19-Z17_B-0000023.jpg
0,419-2-1-19-Z17_C-0000029.jpg
0,413-2-1-19-Z17_B-0000025.jpg
0,426-2-1-19-Z17_B-0000027.jpg
0,431-2-1-19-Z17_B-0000027.jpg
0,457-2-1-20-Z17_B-0000029.jpg
0,371-2-1-17-Z17_D-0000023.jpg
0,448-2-1-20-Z17_C-0000001.jpg
0,400-2-1-18-Z17_B-0000025.jpg
0,377-2-1-18-Z17_B-0000031.jpg
0,373-2-1-17-Z17_B-0000027.jpg
0,381-2-1-18-Z17_D-0000023.jpg
0,434-2-1-19-Z17_A-0000029.jpg
0,442-2-1-20-Z17_E-0000031.jpg
0,456-2-1-20-Z17_B-0000001.jpg
0,441-2-1-20-Z17_D-0000031.jpg
0,452-2-1-20-Z17_E-0000023.jpg
0,416-2-1-19-Z17_B-0000003.jpg
0,452-2-1-20-Z17_B-0000029.jpg
0,426-2-1-19-Z17_B-0000001.jpg
0,470-2-1-20-Z17_B-0000029.jpg
0,439-2-1-19-Z17_C-0000029.jpg
0,379-2-1-18-Z17_E-0000023.jpg
0,397-2-1-18-Z17_B-0000031.jpg
0,393-2-1-18-Z17_B-0000027.jpg
0,364-2-1-17-Z17_A-0000025.jpg
0,468-2-1-20-Z17_B-0000001.jpg
0,381-2-1-18-Z17_E-0000025.jpg
0,414-2-1-19-Z17_C-0000031.jpg
0,449-2-1-20-Z17_E-0000003.jpg
0,379-2-1-18-Z17_D-0000029.jpg
0,417-2-1-19-Z17_B-0000001.jpg
0,381-2-1-18-Z17_C-0000029.jpg
0,465-2-1-20-Z17_A-0000001.jpg
0,422-2-1-19-Z17_D-0000031.jpg
0,437-2-1-19-Z17_A-0000001.jpg
0,469-2-1-20-Z17_B-0000003.jpg
0,431-2-1-19-Z17_C-0000031.jpg
0,467-2-1-20-Z17_E-0000027.jpg
0,382-2-1-18-Z17_C-0000001.jpg
0,428-2-1-19-Z17_B-0000031.jpg
0,461-2-1-20-Z17_E-0000027.jpg
0,037-1-1-21-Z17_A-0000021.jpg
0,393-2-1-18-Z17_E-0000025.jpg
0,392-2-1-18-Z17_B-0000031.jpg
0,447-2-1-20-Z17_B-0000027.jpg
0,393-2-1-18-Z17_A-0000001.jpg
0,363-2-1-17-Z17_A-0000023.jpg
0,408-2-1-18-Z17_D-0000029.jpg
0,369-2-1-17-Z17_B-0000025.jpg
0,453-2-1-20-Z17_D-0000029.jpg
0,038-1-1-21-Z17_A-0000023.jpg
0,396-2-1-18-Z17_E-0000031.jpg
0,457-2-1-20-Z17_D-0000027.jpg
0,421-2-1-19-Z17_A-0000001.jpg
0,461-2-1-20-Z17_C-0000029.jpg
0,390-2-1-18-Z17_A-0000023.jpg
0,417-2-1-19-Z17_C-0000001.jpg
0,442-2-1-20-Z17_A-0000031.jpg
0,373-2-1-17-Z17_D-0000031.jpg
0,375-2-1-17-Z17_A-0000029.jpg
0,437-2-1-19-Z17_D-0000025.jpg
0,364-2-1-17-Z17_B-0000027.jpg
0,376-2-1-17-Z17_A-0000031.jpg
0,442-2-1-20-Z17_A-0000003.jpg
0,444-2-1-20-Z17_A-0000001.jpg
0,390-2-1-18-Z17_B-0000023.jpg
0,466-2-1-20-Z17_C-0000031.jpg
0,413-2-1-19-Z17_D-0000023.jpg
0,437-2-1-19-Z17_C-0000029.jpg
0,381-2-1-18-Z17_E-0000001.jpg
0,428-2-1-19-Z17_B-0000001.jpg
0,469-2-1-20-Z17_C-0000029.jpg
0,038-1-1-21-Z17_E-0000025.jpg
0,448-2-1-20-Z17_D-0000001.jpg
0,464-2-1-20-Z17_B-0000029.jpg
0,465-2-1-20-Z17_B-0000027.jpg
0,039-1-1-21-Z17_A-0000029.jpg
0,389-2-1-18-Z17_D-0000027.jpg
0,379-2-1-18-Z17_A-0000023.jpg
0,362-2-1-17-Z17_B-0000027.jpg
0,386-2-1-18-Z17_C-0000031.jpg
0,385-2-1-18-Z17_C-0000031.jpg
0,439-2-1-19-Z17_D-0000025.jpg
0,419-2-1-19-Z17_B-0000031.jpg
0,386-2-1-18-Z17_A-0000027.jpg
0,382-2-1-18-Z17_C-0000025.jpg
0,471-2-1-20-Z17_C-0000027.jpg
0,393-2-1-18-Z17_B-0000003.jpg
0,413-2-1-19-Z17_C-0000025.jpg
0,396-2-1-18-Z17_D-0000023.jpg
0,431-2-1-19-Z17_B-0000001.jpg
0,433-2-1-19-Z17_E-0000025.jpg
0,412-2-1-19-Z17_A-0000025.jpg
0,441-2-1-20-Z17_B-0000025.jpg
0,370-2-1-17-Z17_D-0000027.jpg
0,465-2-1-20-Z17_B-0000029.jpg
0,471-2-1-20-Z17_B-0000025.jpg
0,377-2-1-18-Z17_A-0000001.jpg
0,431-2-1-19-Z17_A-0000029.jpg
0,408-2-1-18-Z17_D-0000031.jpg
0,465-2-1-20-Z17_E-0000029.jpg
0,447-2-1-20-Z17_E-0000027.jpg
0,464-2-1-20-Z17_A-0000031.jpg
0,429-2-1-19-Z17_D-0000027.jpg
0,373-2-1-17-Z17_D-0000027.jpg
0,375-2-1-17-Z17_D-0000027.jpg
0,413-2-1-19-Z17_C-0000027.jpg
0,409-2-1-19-Z17_E-0000031.jpg
0,393-2-1-18-Z17_D-0000001.jpg
0,399-2-1-18-Z17_B-0000025.jpg
0,038-1-1-21-Z17_A-0000027.jpg
0,437-2-1-19-Z17_E-0000003.jpg
0,039-1-1-21-Z17_D-0000001.jpg
0,386-2-1-18-Z17_C-0000021.jpg
0,465-2-1-20-Z17_A-0000025.jpg
0,397-2-1-18-Z17_D-0000025.jpg
0,371-2-1-17-Z17_A-0000027.jpg
0,388-2-1-18-Z17_C-0000029.jpg
0,381-2-1-18-Z17_B-0000025.jpg
0,428-2-1-19-Z17_E-0000029.jpg
0,466-2-1-20-Z17_D-0000029.jpg
0,416-2-1-19-Z17_D-0000029.jpg
0,430-2-1-19-Z17_B-0000027.jpg
0,471-2-1-20-Z17_B-0000029.jpg
0,412-2-1-19-Z17_C-0000025.jpg
0,387-2-1-18-Z17_B-0000025.jpg
0,382-2-1-18-Z17_C-0000003.jpg
0,400-2-1-18-Z17_E-0000025.jpg
0,363-2-1-17-Z17_E-0000023.jpg
0,419-2-1-19-Z17_B-0000027.jpg
0,447-2-1-20-Z17_A-0000029.jpg
0,406-2-1-18-Z17_A-0000023.jpg
0,461-2-1-20-Z17_D-0000029.jpg
0,427-2-1-19-Z17_E-0000027.jpg
0,401-2-1-18-Z17_B-0000023.jpg
0,393-2-1-18-Z17_A-0000029.jpg
0,368-2-1-17-Z17_E-0000023.jpg
0,377-2-1-18-Z17_D-0000025.jpg
0,441-2-1-20-Z17_D-0000025.jpg
0,417-2-1-19-Z17_D-0000029.jpg
0,428-2-1-19-Z17_A-0000027.jpg
0,437-2-1-19-Z17_E-0000031.jpg
0,439-2-1-19-Z17_D-0000031.jpg
0,373-2-1-17-Z17_A-0000023.jpg
0,468-2-1-20-Z17_D-0000001.jpg
0,397-2-1-18-Z17_B-0000029.jpg
0,454-2-1-20-Z17_C-0000031.jpg
0,466-2-1-20-Z17_C-0000029.jpg
0,389-2-1-18-Z17_E-0000031.jpg
0,419-2-1-19-Z17_B-0000001.jpg
0,420-2-1-19-Z17_D-0000031.jpg
0,393-2-1-18-Z17_D-0000029.jpg
0,416-2-1-19-Z17_D-0000031.jpg
0,369-2-1-17-Z17_D-0000027.jpg
0,373-2-1-17-Z17_D-0000029.jpg
0,362-2-1-17-Z17_E-0000027.jpg
0,370-2-1-17-Z17_B-0000029.jpg
0,389-2-1-18-Z17_C-0000027.jpg
0,379-2-1-18-Z17_D-0000031.jpg
0,411-2-1-19-Z17_C-0000029.jpg
0,037-1-1-21-Z17_C-0000029.jpg
0,369-2-1-17-Z17_E-0000025.jpg
0,396-2-1-18-Z17_C-0000031.jpg
0,441-2-1-20-Z17_C-0000029.jpg
0,413-2-1-19-Z17_D-0000025.jpg
0,414-2-1-19-Z17_E-0000029.jpg
0,426-2-1-19-Z17_C-0000027.jpg
0,442-2-1-20-Z17_C-0000001.jpg
0,425-2-1-19-Z17_A-0000029.jpg
0,447-2-1-20-Z17_A-0000027.jpg
0,429-2-1-19-Z17_B-0000003.jpg
0,437-2-1-19-Z17_E-0000029.jpg
0,428-2-1-19-Z17_D-0000001.jpg
0,427-2-1-19-Z17_C-0000031.jpg
0,037-1-1-21-Z17_E-0000027.jpg
0,390-2-1-18-Z17_D-0000027.jpg
0,382-2-1-18-Z17_D-0000021.jpg
0,389-2-1-18-Z17_A-0000027.jpg
0,386-2-1-18-Z17_B-0000031.jpg
0,039-1-1-21-Z17_B-0000029.jpg
0,446-2-1-20-Z17_A-0000001.jpg
0,387-2-1-18-Z17_A-0000023.jpg
0,038-1-1-21-Z17_B-0000031.jpg
0,371-2-1-17-Z17_E-0000027.jpg
0,388-2-1-18-Z17_D-0000031.jpg
0,404-2-1-18-Z17_D-0000029.jpg
0,379-2-1-18-Z17_B-0000027.jpg
0,413-2-1-19-Z17_C-0000029.jpg
0,447-2-1-20-Z17_C-0000027.jpg
0,452-2-1-20-Z17_E-0000025.jpg
0,447-2-1-20-Z17_B-0000001.jpg
0,439-2-1-19-Z17_A-0000001.jpg
0,449-2-1-20-Z17_E-0000001.jpg
0,436-2-1-19-Z17_B-0000027.jpg
0,465-2-1-20-Z17_C-0000025.jpg
0,038-1-1-21-Z17_E-0000029.jpg
0,362-2-1-17-Z17_E-0000023.jpg
0,461-2-1-20-Z17_B-0000031.jpg
0,441-2-1-20-Z17_C-0000023.jpg
0,375-2-1-17-Z17_E-0000025.jpg
0,458-2-1-20-Z17_D-0000001.jpg
0,426-2-1-19-Z17_D-0000029.jpg
0,466-2-1-20-Z17_D-0000031.jpg
0,433-2-1-19-Z17_B-0000001.jpg
0,420-2-1-19-Z17_E-0000001.jpg
0,390-2-1-18-Z17_A-0000031.jpg
0,467-2-1-20-Z17_E-0000001.jpg
0,382-2-1-18-Z17_B-0000003.jpg
0,429-2-1-19-Z17_B-0000001.jpg
0,458-2-1-20-Z17_C-0000031.jpg
0,413-2-1-19-Z17_E-0000027.jpg
0,461-2-1-20-Z17_C-0000031.jpg
0,414-2-1-19-Z17_C-0000027.jpg
0,452-2-1-20-Z17_E-0000031.jpg
0,430-2-1-19-Z17_D-0000031.jpg
0,404-2-1-18-Z17_B-0000029.jpg
0,396-2-1-18-Z17_A-0000025.jpg
0,402-2-1-18-Z17_B-0000029.jpg
0,439-2-1-19-Z17_E-0000031.jpg
0,387-2-1-18-Z17_D-0000029.jpg
0,414-2-1-19-Z17_C-0000001.jpg
0,442-2-1-20-Z17_B-0000031.jpg
0,411-2-1-19-Z17_D-0000031.jpg
0,444-2-1-20-Z17_B-0000031.jpg
0,399-2-1-18-Z17_E-0000023.jpg
0,452-2-1-20-Z17_B-0000023.jpg
0,397-2-1-18-Z17_A-0000031.jpg
0,370-2-1-17-Z17_D-0000025.jpg
